time,r_speed,l_speed,x,y,angle,lin_error,angle_error,voltage,v,w
0.026222705841064453,77,72,0.9808527438076392,0.9027843095203476,0.880152405820809,1.4717181715497416,0.8415055152828568
0.04680514335632324,54,44,0.9811492693196099,0.9031433558277423,0.8804789410572276,1.4716481870852254,0.8411789800464382
0.06851410865783691,150,98,0.9814876060146562,0.9035552155551753,0.8830912229485762,1.4715668812856042,0.8385666981550896
0.08896517753601074,358,191,0.9823062065586521,0.9045636352197264,0.8889222093131937,1.4713620603803368,0.8327357117904721
0.11183381080627441,490,256,0.9837140788678227,0.9063327757241645,0.898624970623917,1.4709865350906444,0.8230329504797488
0.13341951370239258,553,294,0.9854804059450474,0.9086082419801851,0.9107067743714042,1.4704786975591309,0.8109511467322615
0.16183781623840332,631,332,0.9874653383913969,0.9112349529641858,0.9236748880463134,1.4698629603372333,0.7979830330573524
0.18365168571472168,668,353,0.9896245702458283,0.9141804811932803,0.9382290300123984,1.4691360786039858,0.7834288910912673
0.20465779304504395,697,373,0.9919154200034818,0.9174083001415521,0.9535761861240715,1.4682986716070703,0.7680817349795943
0.22742676734924316,717,391,0.9942627539911526,0.92082666135895,0.9690632859084953,1.4673695917551723,0.7525946351951704
0.2479863166809082,737,395,0.9966334779638021,0.9244010193420088,0.9851568082748394,1.4663531145637239,0.7365011128288264
0.2729454040527344,753,402,0.9989961843922427,0.9280931309922709,1.0015302179866852,1.4652568758604114,0.7201277031169806
0.3029942512512207,774,418,1.00135257305073,0.9319164530828732,1.0184634023895343,1.4640728939333547,0.7031945187141315
0.32537055015563965,779,422,1.0036960400339205,0.9358645283994592,1.0351166994468817,1.4628021201441699,0.6865412216567841
0.34568071365356445,782,427,1.0059932763466248,0.9398840685360712,1.0515834049405612,1.46146100194232,0.6700745161631045
0.3672928810119629,793,428,1.00824506047776,0.9439864110337568,1.0687964766889118,1.4600420548940252,0.652861444414754
0.38779640197753906,796,437,1.0104435981297326,0.9481567289423671,1.0856363653099268,1.4585508328030878,0.636021555793739
0.40987062454223633,802,448,1.0125870768299965,0.9523901499557303,1.1021030708036064,1.4569897000572427,0.6195548503000594
0.4313342571258545,799,445,1.0146836980269451,0.9567069493648991,1.1186630720791197,1.4553499223709505,0.602994849024546
0.45171260833740234,804,449,1.016715652115458,0.9610736711516875,1.1352697212455503,1.4536432279038736,0.5863881998581155
0.47345995903015137,809,456,1.0186810333012755,0.9654897205402593,1.1520629619756484,1.4518686462334067,0.5695949591280174
0.49372410774230957,805,460,1.0205829705835,0.9699564778548998,1.1682497801238263,1.450027329865932,0.5534081409798395
0.5154523849487305,815,466,1.0224261358831475,0.9744873002896656,1.1844365982720042,1.4481130828095308,0.5372213228316616
0.5358455181121826,811,464,1.0242060053066142,0.9790763972405634,1.20081000798385,1.4461268768602014,0.5208479131198158
0.5561082363128662,809,473,1.0259068641621363,0.983676901618025,1.2166702908956093,1.4440905561077966,0.5049876302080565
0.5780372619628906,818,480,1.027547100472517,0.9883401825270505,1.2325772216982855,1.4419808008357389,0.48908069940538024
0.5985333919525146,813,483,1.0291270768018692,0.9930668493772862,1.2482042651554601,1.4397975239698622,0.47345365594820565
0.6214437484741211,818,481,1.0306342459152016,0.9978192518618881,1.263691364939884,1.4375580686677885,0.4579665561637818
0.6419692039489746,812,485,1.0320705184441774,1.002601596159075,1.2790385210515571,1.4352606491596074,0.44261940005210865
0.6626882553100586,809,496,1.0334370480392452,1.0074103357140434,1.2939191982540608,1.4329083620062302,0.427738722849605
0.684330940246582,814,491,1.0347365832308206,1.0122555434366558,1.3087532275656475,1.4304960356980403,0.4129046935380183
0.7128541469573975,802,496,1.0359630317014414,1.017101903244865,1.322934186404397,1.42804344179612,0.3987237346992687
0.7348973751068115,800,500,1.0371173130565992,1.0219441995500367,1.336788610006728,1.4255544429573914,0.38486931109693767
0.7557473182678223,787,505,1.0382091577191233,1.0268147598841963,1.3502698504817237,1.4230136214214906,0.3713880706219421
0.7774021625518799,790,500,1.039234571759342,1.0316918728376303,1.3635644993930514,1.4204327243021824,0.3580934217106144
0.7989523410797119,786,509,1.0401926891843245,1.0365689251523589,1.3768125004134621,1.4178153147059027,0.34484542069020363
0.8219399452209473,773,514,1.0410893912920587,1.0414478601681176,1.3890342478337003,1.4151640630814328,0.33262367326996545
0.8426437377929688,775,514,1.0419254864434118,1.046337545889705,1.4014425868176061,1.4124732902536639,0.32021533428605964
0.8634312152862549,767,512,1.0427032772729155,1.0512407407111197,1.4134777426741765,1.4097426206659367,0.3081801784294893
0.8844184875488281,764,520,1.0434214992059379,1.056133567003935,1.4250464196215775,1.4069869467560396,0.29661150148208826
0.9049146175384521,767,525,1.0440855031857652,1.0610437544853506,1.4363818571143938,1.4041913576694733,0.28527606398927197
0.9267823696136475,757,521,1.0446940143376373,1.0659553106586401,1.4475307030435423,1.401365428887014,0.2741272180601235
0.9470455646514893,756,525,1.0452452102396936,1.0708407107665132,1.4584463095181062,1.398525843271371,0.2632116115855596
0.9679057598114014,751,529,1.045745682896043,1.0757509097052562,1.4692219723199191,1.3956433692768266,0.25243594878374664
0.9895210266113281,744,530,1.0461963576442608,1.0806601324955953,1.4792512688670612,1.3927356571622393,0.24240665223660463
1.0097320079803467,743,524,1.0465939009516507,1.0855430543444562,1.4895604527597048,1.3898166422110725,0.23209746834396094
1.032498836517334,745,535,1.0469419953134143,1.0904393956984955,1.4998229887614314,1.3868626588268036,0.2218349323422344
1.0534167289733887,736,533,1.0472451896664219,1.0953367944303092,1.5089659753811515,1.3838851118467488,0.21269194572251426
1.0744972229003906,733,533,1.0475002506433817,1.1002253747403505,1.518668736691875,1.3808878127346516,0.2029891844117908
1.1017229557037354,725,535,1.0477099642319059,1.1051064802574349,1.527858371202512,1.3778717577583404,0.19379954990115378
1.1248648166656494,731,542,1.047876630969602,1.1099757677115238,1.5365815268039797,1.374841288219442,0.18507639429968603
1.1454706192016602,722,533,1.048000797873341,1.114836699959324,1.5452580345145304,1.3717943505066854,0.1763998865891354
1.1659128665924072,717,538,1.04808249271736,1.1196812109923895,1.553934542225081,1.3687359430585802,0.1677233788785848
1.1879711151123047,724,540,1.0481241691118977,1.1245243072606623,1.5621912189173792,1.3656580693767855,0.15946670218628656
1.2085089683532715,712,548,1.0481272158585757,1.1293733545643145,1.5701680082641758,1.3625569405958946,0.15148991283948998
1.2314002513885498,710,537,1.0480914849656309,1.1342049526779279,1.5781914455018893,1.3594472497397205,0.1434664756017765
1.251633882522583,710,548,1.0480179008917265,1.1390207269630355,1.586074939066852,1.356328437064106,0.13558298203681374
1.2742202281951904,699,546,1.0479087453115343,1.143849299331044,1.5933986579408115,1.3531839345618681,0.1282592631628543
1.2959175109863281,701,544,1.047764742498558,1.1486673326903052,1.600675728923854,1.3500289871153541,0.12098219217981176
1.3177094459533691,700,546,1.0475870495941384,1.153453432505868,1.6079061520159796,1.3468777663223372,0.11375176908768614
1.338871955871582,690,551,1.0473773502742505,1.1582401629005543,1.614576800417102,1.3437108830478361,0.10708112068656384
1.3595426082611084,692,548,1.0471366852332344,1.1630196563716226,1.6211075051454735,1.3405339731545496,0.10055041595819225
1.3818583488464355,688,547,1.0468644635436422,1.1677801101542502,1.6279180972193468,1.337353786432517,0.093739823884319
1.4021952152252197,683,554,1.0465619468277778,1.1725368066866695,1.6343088582749674,1.3341616262043525,0.08734906282869837
1.422821283340454,682,555,1.046233959533684,1.177278313171796,1.6398599572940833,1.3309682460746295,0.08179796380958249
1.444371223449707,680,549,1.0458775057432927,1.182008116272743,1.6460174788951194,1.3277689855029293,0.07564044220854638
1.4647178649902344,675,552,1.0454941019190984,1.1867280888672649,1.6518484652597367,1.3245637465162308,0.06980945584392906
1.504288911819458,676,551,1.0450850024092315,1.1914401093958988,1.6573995642788526,1.3213522463576546,0.06425835682481318
1.5249757766723633,666,553,1.0446504607436626,1.1961421221422888,1.6629506632979685,1.3181358325020414,0.0587072578056973
1.5470101833343506,667,559,1.0441934170675593,1.200820734232661,1.6681752270806658,1.314924861381687,0.05348269402299999
1.567676067352295,669,557,1.0437135067079544,1.205500924731598,1.6729799598451105,1.3117037259560411,0.04867796125855528
1.5893609523773193,660,552,1.0432099647034736,1.2101689548766474,1.6782511715187247,1.308480076385296,0.04340674958494106
1.6095795631408691,658,558,1.0426861568302264,1.2148173271828198,1.6830092563922525,1.3052609897402583,0.03864866471141326
1.6319200992584229,657,558,1.0421409032915472,1.219459357844709,1.6877206933748634,1.302037386701901,0.033937227728802366
1.6530463695526123,658,553,1.041571750413681,1.2241082119908826,1.692618721921142,1.2987993601629948,0.029039199182523845
1.6737992763519287,649,555,1.0409835880380327,1.2287333632037214,1.697283511012836,1.2955690084281808,0.024374410090829857
1.6948764324188232,652,559,1.0403754373139382,1.2333520470211776,1.7017150606499452,1.2923351478516658,0.019942860453720623
1.7169005870819092,654,551,1.0397437558319111,1.237979224186175,1.706473145523473,1.2890860097617043,0.015184775580192822
1.7478127479553223,645,558,1.0391001602002181,1.2425581284445482,1.710438216251413,1.2858644297567083,0.011219704852252876
1.7760438919067383,645,557,1.038438262608983,1.2471324786628695,1.7144965827611867,1.2826392828596347,0.007161338342479118
1.8060646057128906,641,553,1.0377580876851025,1.2516963651265716,1.718741540834628,1.2794139980946848,0.0029163802690377327
1.8338325023651123,646,561,1.0370618364348025,1.25625004051039,1.7225200199989001,1.2761901327115492,-0.0008620988952343644
1.8547148704528809,634,552,1.0363482985958121,1.2608029869210247,1.7262518512722553,1.272961122794924,-0.004593930168589555
1.8749425411224365,635,554,1.035621601073653,1.2653226711173902,1.7302169220001953,1.2697491398636358,-0.0085590008965295
1.9037871360778809,638,562,1.0348795091816798,1.2698359531382546,1.7337621617098826,1.2665366689731632,-0.012104240606216843
1.92478346824646,629,553,1.034120994056417,1.2743504065191564,1.737260753528653,1.2633184724633555,-0.015602832424987279
1.9467668533325195,630,554,1.0333512232907878,1.2788395283178644,1.7406194016746728,1.2601139538126573,-0.018961480571006994
1.9674732685089111,623,559,1.0325672517797568,1.2833222851040895,1.7439314019297754,1.2569097328274705,-0.022273480826109582
1.9888286590576172,627,556,1.0317650146805595,1.2878252652964357,1.7471034585121272,1.2536873207737516,-0.02544553740846145
2.0096659660339355,618,551,1.030955306106982,1.2922917117614952,1.7501355714217284,1.2504878505733734,-0.028477650318062597
2.0298922061920166,625,558,1.0301336709241276,1.296742283134011,1.7533542758949971,1.2472957934279993,-0.03169635479133137
2.052689790725708,620,558,1.0292939913747623,1.3012168976645195,1.7562930930227643,1.2440835762880997,-0.034635171919098484
2.0733485221862793,614,552,1.0284449227079504,1.3056681938069215,1.7592785580414483,1.2408850132607392,-0.0376206369377825
2.0945801734924316,620,553,1.0275897777200669,1.3100830518471382,1.7621240793873816,1.2377100414165407,-0.0404661582837158
2.1159005165100098,614,558,1.0267215370655134,1.3144992753192855,1.764922952842398,1.2345316351604585,-0.043265031738732196
2.1362574100494385,614,547,1.0258402222418297,1.3189187947499779,1.7676285305155806,1.23134876039,-0.045970609411914776
2.1632978916168213,606,553,1.0249545815626702,1.3232981926301317,1.7703341081887631,1.2281926682585085,-0.048676187085097355
2.1838650703430176,616,552,1.024056869593787,1.3276731677216207,1.7731796295346964,1.2250370776281454,-0.051521708431030655
2.2249839305877686,606,547,1.0231461320507955,1.3320493808235392,1.7759785029897128,1.221878077873861,-0.05432058188604705
2.2733590602874756,601,544,1.0222261646579998,1.3364157973511022,1.7784508412083107,1.218724876958117,-0.05679292010464487
2.3050239086151123,601,552,1.0212966089171183,1.3407742803622966,1.7809231794269085,1.2155761238266625,-0.0592652583232427
2.338963031768799,603,548,1.0203611498560372,1.345111817472684,1.7832089260818385,1.212441919330351,-0.061551004978172674
2.367429256439209,598,544,1.0194194912049994,1.3494243810823516,1.78577456008227,1.209324081865048,-0.06411663897860431
2.3889288902282715,600,554,1.0184677894372933,1.353732768903898,1.788200250409951,1.2062080965197959,-0.06654232930628523
2.409602642059326,600,545,1.017503508389102,1.3580521609485783,1.790439349173964,1.2030837118201383,-0.0687814280702983
2.4299848079681396,589,546,1.0165333917636148,1.3623505220268475,1.792771743719811,1.1999737469336038,-0.07111382261614518
2.4520792961120605,598,548,1.0155589576357238,1.3666261998892553,1.7948708988110733,1.1968802643125516,-0.07321297770740753
2.4734275341033936,592,551,1.0145742558256403,1.3709054485000152,1.7969700539023357,1.1937842666542053,-0.07531213279866988
2.4945905208587646,589,540,1.0135797024978384,1.375186369259454,1.799069208993598,1.1906871488660613,-0.07741128788993223
2.5149173736572266,588,547,1.0125839879026945,1.3794354044868853,1.8009817725211925,1.1876138891749624,-0.07932385141752674
2.5356342792510986,588,543,1.011580148583813,1.38368252757679,1.802894336048787,1.1845427910476614,-0.08123641494512124
2.5573227405548096,586,543,1.0105665030333255,1.387931277488449,1.8049934911400494,1.181470599773827,-0.08333557003638359
2.5782296657562256,585,537,1.0095530891497642,1.3921424877677782,1.8069527025585608,1.1784261516908803,-0.085294781454895
2.5998694896698,580,546,1.0085370759991021,1.396335254537756,1.8085387308497367,1.175397021681957,-0.08688080974607093
2.6214663982391357,588,543,1.0075056677599619,1.4005519992345394,1.810684533831916,1.172350449392226,-0.08902661272825019
2.6428513526916504,580,538,1.0064685004124394,1.4047574223534844,1.8125970973595105,1.1693128617122677,-0.09093917625584469
2.663728713989258,576,543,1.005428009224905,1.4089402160968578,1.8146029566689388,1.1662920517098558,-0.092945035565273
2.684058427810669,582,543,1.0043798735310767,1.4131270518751524,1.816095689178281,1.1632707284183899,-0.09443776807461512
2.7126691341400146,578,533,1.0033233417479286,1.4173117768193133,1.8181015484877092,1.1602513923842954,-0.09644362738404344
2.733421802520752,572,544,1.0022671979431168,1.421468810305961,1.8195942809970513,1.157254454958609,-0.09793635989338556
2.7544944286346436,573,540,1.0012050438225,1.425624312173318,1.8210403656154766,1.154261222835623,-0.09938244451181077
2.7756736278533936,575,541,1.0001334234638595,1.4297893053982103,1.8226263939066525,1.151263263101796,-0.10096847280298671
2.7973859310150146,569,535,0.9990647498955497,1.4339173008777797,1.8241191264159946,1.1482943859173724,-0.10246120531232883
2.8176937103271484,567,542,0.9979942701892414,1.4380309116617949,1.825378619470752,1.1453391722883794,-0.1037206983670862
2.8397574424743652,572,535,0.9969127773726512,1.442161534718678,1.826871351980094,1.142374211472,-0.10521343087642832
2.861870288848877,566,533,0.9958280815556841,1.4462753999133118,1.8285973239440207,1.1394228805654365,-0.10693940284035497
2.8835647106170654,567,536,0.994743166458974,1.450365322550632,1.8300900564533629,1.1364911992055622,-0.10843213534969709
2.9046008586883545,571,538,0.993652414477441,1.454455683902773,1.8313961973990371,1.1335624030563292,-0.10973827629537136
2.9248993396759033,569,531,0.9925527993230947,1.4585516414417858,1.8330755214720469,1.1306314096245051,-0.11141760036838111
2.946411371231079,561,533,0.991451084759261,1.462631091601793,1.834568253981389,1.1277147676533263,-0.11291033287772323
2.9673354625701904,557,536,0.9903484548192611,1.4666943460463298,1.8357810991452295,1.124813310066097,-0.11412317804156369
2.9882614612579346,561,531,0.989238872808256,1.470763685986104,1.83699394430907,1.1219111477946744,-0.11533602320540415
3.0104103088378906,562,529,0.9881262714004533,1.474820230925487,1.838486676818412,1.1190206960002667,-0.11682875571474627
3.031406879425049,553,529,0.9870131098381802,1.4788566650885377,1.8398861135459201,1.1161475057155645,-0.11822819244225435
3.0547292232513428,552,534,0.9858981859868597,1.4828826304708589,1.8409590150370096,1.1132859502396133,-0.11930109393334387
3.075793981552124,553,522,0.9847793189734322,1.4868995124439013,1.8424517475463518,1.110433436730038,-0.12079382644268599
3.104288339614868,548,528,0.9836587963865392,1.4908999489470278,1.843897832164777,1.1075953637004599,-0.1222399110611112
3.125967264175415,552,526,0.9825365873132456,1.494889919168229,1.8449707336558665,1.1047689075852185,-0.12331281255220072
3.1467583179473877,549,522,0.9814121560237447,1.4988692667861938,1.846183578819707,1.101953643200376,-0.12452565771604118
3.168301582336426,548,524,0.9802823118858535,1.5028450805586406,1.847676311329049,1.0991434960554596,-0.1260183902253833
3.1897878646850586,545,526,0.9791495006497001,1.5068200499462396,1.84842267758372,1.09633945826901,-0.12676475648005425
3.2119433879852295,544,520,0.9780161308685454,1.5107808518087646,1.8494955790748095,1.0935496912331135,-0.12783765797114377
3.232469081878662,545,521,0.9768829264786375,1.5147236850152308,1.850661776347733,1.0907764912807132,-0.12900385524406732
3.2539989948272705,541,525,0.9757451616407555,1.518669210077082,1.851548086275155,1.0880064107316485,-0.1298901651714892
3.2745344638824463,539,526,0.9746050043567307,1.5226140444472047,1.8521545088570752,1.0852429520970124,-0.13049658775340944
3.2955312728881836,539,517,0.9734660051023435,1.5265431883028853,1.8529475230026633,1.0824959194529618,-0.13128960189899752
3.31687331199646,546,519,0.9723238552096655,1.530465405375227,1.8541603681665038,1.079757572309283,-0.13250244706283798
3.3399343490600586,540,524,0.9711804052239494,1.5343832347780604,1.854766790748424,1.0770284822355896,-0.1331088696447582
3.361938953399658,537,516,0.9700340171631003,1.5382961954339145,1.8557930443485966,1.0743074036812648,-0.13413512324493082
3.3835389614105225,539,515,0.9688881418245221,1.5421952690659508,1.8566327063851016,1.0716013265360267,-0.1349747852814358
3.4047188758850098,538,519,0.9677379014193427,1.546091050916264,1.857892199439859,1.0689012956778634,-0.13623427833619317
3.4253196716308594,533,519,0.9665851161181263,1.5499900937730247,1.8582653825671944,1.0662062194545212,-0.13660746146352865
3.4457895755767822,533,513,0.9654343520941414,1.5538676597920604,1.859291636167367,1.0635307015704094,-0.13763371506370126
3.4669995307922363,536,516,0.96428617405871,1.5577279279115133,1.8598980587492873,1.0608734190421722,-0.13824013764562149
3.4881749153137207,537,518,0.9631296312341586,1.5616017661314272,1.8609243123494599,1.0582115563630603,-0.1392663912457941
3.5162649154663086,527,514,0.9619685330771407,1.565482276176221,1.86153073493138,1.0555515671664666,-0.13987281382771433
3.5374372005462646,534,509,0.9608126828422313,1.5693302092865327,1.8626036364224696,1.05291855342361,-0.14094571531880384
3.558877944946289,530,518,0.9596563776284112,1.5731679584450258,1.8634432984589746,1.0502980314276853,-0.14178537735530883
3.579584836959839,532,510,0.9584951435881617,1.5770142702486551,1.864003073149978,1.0476783226999442,-0.14234515204631215
3.6010379791259766,521,507,0.9573369713778125,1.5808414054668616,1.864656143622815,1.0450779895002278,-0.1429982225191493
3.6230220794677734,529,508,0.9561823196342869,1.5846434687892297,1.8656357493320708,1.0424997248923615,-0.143977828228405
3.643590211868286,524,512,0.9550199902565842,1.5884592870361351,1.8664754113685758,1.039917756467545,-0.14481749026490998
3.664928436279297,527,511,0.9538519762024612,1.5922854420129766,1.867081833950496,1.0373354102217345,-0.1454239128468302
3.6861934661865234,518,504,0.9526875102084538,1.5960885359840862,1.867921495987001,1.0347743536011422,-0.1462635748833352
3.7080235481262207,530,510,0.9515252539552949,1.5998762065532515,1.8685279185689212,1.0322302838983677,-0.14686999746525542
3.728586435317993,520,509,0.9503552895850527,1.6036776126321455,1.8693675806054262,1.0296827721056836,-0.1477096595017604
3.749547243118286,518,506,0.9491859965400082,1.6074711717662462,1.8697874116236786,1.0271479625751163,-0.14812949052001279
3.771559715270996,514,499,0.9480245349314016,1.611226871828012,1.8707203694420174,1.0246438718015802,-0.14906244833835158
3.7933318614959717,519,506,0.9468649579169421,1.6149690550920992,1.8712801441330207,1.0221556031582097,-0.1496222230293549
3.823288917541504,516,498,0.9457021451735375,1.6187142640448466,1.871839918824024,1.019672182531569,-0.15018199772035823
3.8528900146484375,512,499,0.9445410632243494,1.6224459057586984,1.8724463414059442,1.0172044603693764,-0.15078842030227846
3.882925271987915,516,503,0.9433831676948048,1.626162416887836,1.8728195245332797,1.0147543247688222,-0.15116160342961393
3.9140782356262207,513,495,0.9422192824208704,1.6298871377027624,1.8736591865697847,1.0123046512802132,-0.15200126546611892
3.9347569942474365,510,499,0.9410553205780816,1.633601753410864,1.8744522007153728,1.0098677098966524,-0.152794279611707
3.9549546241760254,513,501,0.9398907785135423,1.6373121539050695,1.874918679624542,1.0074408911890427,-0.15326075852087628
3.977614164352417,510,501,0.9387209264466145,1.6410309708118016,1.8755717500973792,1.005015294244375,-0.15391382899371342
3.999680757522583,510,493,0.9375513066514191,1.6447417913909936,1.8761315247883825,1.0026020383920349,-0.15447360368471674
4.023003816604614,504,499,0.936388409967477,1.648426485133613,1.876504707915718,1.0002135725318495,-0.15484678681205222
4.0438525676727295,509,497,0.935225641320721,1.652107183562486,1.8767845952612197,0.9978358642144406,-0.15512667415755388
4.065008163452148,507,491,0.9340571138162602,1.6557941327879468,1.8777175530795585,0.9954598790980799,-0.15605963197589268
4.085694074630737,509,493,0.9328900852542333,1.6594674261997104,1.8784172714433125,0.9930993630975202,-0.15675935033964672
4.106096267700195,499,493,0.9317240192610146,1.6631329491271225,1.878790454570648,0.9907517640820476,-0.1571325334669822
4.129573106765747,509,494,0.9305575826592672,1.6667943153143496,1.8792102855889004,0.9884146108549247,-0.15755236448523458
4.150376796722412,506,486,0.929388755176286,1.6704549189555395,1.8798633560617375,0.9860848942604925,-0.1582054349580717
4.172894477844238,504,495,0.9282223992610472,1.6741001515512899,1.8804697786436577,0.9837720943942388,-0.15881185753999194
4.19486927986145,496,491,0.9270553631964665,1.6777451664514105,1.8806563702073256,0.9814681982503364,-0.1589984491036598
4.21793007850647,501,491,0.9258878942420908,1.681388022147757,1.8809362575528272,0.9791741342248432,-0.15927833644916145
4.2398622035980225,503,487,0.9247169481080368,1.685031782835464,1.8817292716984153,0.9768860793061022,-0.16007135059474953
4.260494232177734,499,490,0.923548178633091,1.6886641158744482,1.8821024548257508,0.9746133956604223,-0.160444533722085
4.283684730529785,500,490,0.922383280561036,1.6922815234214157,1.8823356942803355,0.9723587697379932,-0.16067777317666976
4.311504364013672,501,484,0.9212182136252449,1.6958948332391597,1.882708877407671,0.970114915649443,-0.16105095630400523
4.335395812988281,501,486,0.9200510420336999,1.6995054415466437,1.883455243662342,0.9678795894156331,-0.16179732255867618
4.355908155441284,495,486,0.9188841326216066,1.7031100674552209,1.8838750746805943,0.9656560884860644,-0.16221715357692856
4.379803419113159,496,484,0.9177178259495379,1.7067088206495549,1.884201609917013,0.963444717640987,-0.16254368881334713
4.400904178619385,498,480,0.916553999307441,1.7102942178683351,1.8846680888261822,0.9612495377616491,-0.16301016772251642
4.423406600952148,497,486,0.9153916651766725,1.7138659370284994,1.8854144550808531,0.9590696547527192,-0.16375653397718737
4.444972991943359,487,484,0.914225424052033,1.7174485260438375,1.885507750862687,0.9568926070452837,-0.16384982975902118
4.4656593799591064,493,482,0.9130623812232431,1.7210139429519877,1.8861141734446072,0.9547335398069221,-0.1644562523409414
4.486874341964722,491,481,0.9119015924473368,1.7245679507784835,1.8864873565719427,0.952589800515601,-0.16482943546827689
4.508260726928711,494,484,0.9107377834488999,1.728125020160183,1.887000483372029,0.9504521633750518,-0.1653425622683633
4.530961275100708,486,481,0.9095728780571981,1.731683755383037,1.8871404270447798,0.9483229553388468,-0.16548250594111402
4.551450252532959,485,473,0.9084135670645895,1.7352220500874067,1.8874203143902815,0.9462148654438521,-0.16576239328661568
4.574803113937378,494,478,0.9072563629929518,1.738742809516928,1.8883532722086203,0.9441236294947325,-0.16669535110495448
4.5955023765563965,486,476,0.9060951099451928,1.742270339695488,1.8888197511177895,0.9420365842509887,-0.16716183001412377
4.615787744522095,489,477,0.9049341833916431,1.7457918995839055,1.889239582136042,0.9399615069713543,-0.16758166103237615
4.637346506118774,479,472,0.9037779740797103,1.7492947534076746,1.8896127652633774,0.9379060438554302,-0.16795484415971162
4.657912254333496,484,471,0.9026248000901664,1.7527823979011452,1.8901258920634638,0.9358675507385223,-0.16846797095979804
4.679462194442749,488,479,0.9014647184277945,1.7562859982007233,1.8905457230817162,0.933828224698269,-0.16888780197805042
4.704967021942139,482,472,0.9003009571429865,1.7597985148865594,1.890732314645384,0.9317931996335239,-0.16907439354171827
4.732136011123657,476,475,0.8991442045536128,1.7632849740946919,1.8911521456636364,0.9297818583257579,-0.16949422455997065
4.753043174743652,483,474,0.8979892265910819,1.7667639125442216,1.8913387372273043,0.9277843087514086,-0.1696808161236385
4.774606227874756,482,479,0.8968264832659715,1.7702646028823699,1.891478680900055,0.9257840427313516,-0.16982075979638922
4.795912504196167,474,473,0.8956643005296927,1.7737614241688084,1.8916652724637228,0.9237956659551232,-0.17000735136005707
4.817022800445557,481,467,0.8945094807422916,1.7772323043222173,1.8919918077001414,0.9218311436350116,-0.17033388659647564
4.838746786117554,477,472,0.8933538121202007,1.7807008737777166,1.8924116387183938,0.919876698471894,-0.17075371761472802
4.859380722045898,486,472,0.8921962402391455,1.7841708370514258,1.8927848218457293,0.9179304759489954,-0.1711269007420635
4.881617784500122,481,469,0.8910344485217367,1.787647505979424,1.8932979486458157,0.915989066620991,-0.1716400275421499
4.9021172523498535,475,463,0.8898775917942252,1.7911035064945857,1.893811075445902,0.9140677619172155,-0.17215315434223633
4.923862457275391,477,472,0.8887252102174272,1.794538683347279,1.8944641459187392,0.9121660221235386,-0.17280622481507346
4.946990251541138,476,467,0.8875674499395694,1.797988292697296,1.89460408959149,0.9102662841606204,-0.17294616848782418
4.968557834625244,477,467,0.8864093068147908,1.8014337137229897,1.8950705685006592,0.9083776908608674,-0.17341264739699347
4.990885972976685,471,467,0.8852569491046899,1.8048587490220172,1.895350455846161,0.9065097758829718,-0.17369253474249513
5.011608839035034,475,466,0.8841037679347546,1.808281476714011,1.8957702868644133,0.904652123552137,-0.1741123657607475
5.0338053703308105,474,473,0.8829425715544036,1.811725869912823,1.8959568784280811,0.902792740734653,-0.17429895732441536
5.054229736328125,476,465,0.8817802505202315,1.8151698837564774,1.8962834136644997,0.9009431625125507,-0.17462549256083393
5.074594497680664,471,464,0.8806209324422133,1.8185986636268476,1.896843188355503,0.8991104890353347,-0.17518526725183725
5.096034049987793,466,467,0.8794630068021736,1.822023851816775,1.8967965404645861,0.8972907497883043,-0.17513861936092034
5.125036239624023,475,466,0.878299917508683,1.8254574497056222,1.8974029630465064,0.8954752073391116,-0.17574504194284057
5.146841049194336,473,461,0.8771406506551928,1.8288760892017581,1.897729498282925,0.8936772985136747,-0.17607157717925914
5.1713340282440186,472,457,0.875986566896693,1.83227007092158,1.89856916031943,0.8919001034264467,-0.17691123921576413
5.193728446960449,466,465,0.874831546853092,1.8356657666806773,1.8986624561012637,0.8901325606953288,-0.17700453499759794
5.214324235916138,471,460,0.8736769625250402,1.8390555128326318,1.899082287119516,0.8883774889069105,-0.17742436601585032
5.237032651901245,465,455,0.8725229666047597,1.8424373276772101,1.8996420618105194,0.8866353946026909,-0.17798414070685364
5.257951974868774,466,456,0.8713764226966502,1.8457952541197953,1.8998286533741873,0.8849158003355967,-0.1781707322705215
5.278351545333862,463,462,0.8702311155450712,1.8491454693810723,1.9002018365015227,0.8832096488779297,-0.17854391539785697
5.304113149642944,461,458,0.869081608122992,1.8525084836522512,1.9001551886106058,0.8815081332422317,-0.17849726750694006
5.325937747955322,469,454,0.8679313055697279,1.8558651243781839,1.900948202756194,0.8798179434169826,-0.17929028165252814
5.347646951675415,457,460,0.8667842776654578,1.8592106827930917,1.9010881464289446,0.8781438468995937,-0.17943022532527886
5.3682005405426025,462,458,0.8656366256981278,1.8625580614247648,1.9010881464289446,0.8764799223195928,-0.17943022532527886
5.389577627182007,467,459,0.8644861631693687,1.8659105788381483,1.9013680337744463,0.8748235817459522,-0.17971011267078052
5.4103710651397705,463,455,0.8633353877300408,1.8692589197193297,1.9018345126836156,0.8731788028691126,-0.1801765915799498
5.431987285614014,464,456,0.8621830504855738,1.8726067234237551,1.9023009915927849,0.8715438367984947,-0.1806430704891191
5.454102516174316,457,458,0.8610340003371773,1.875945483439904,1.902254343701868,0.8699247512374856,-0.1805964225982022
5.47477650642395,465,456,0.859882138784622,1.8792873454760453,1.9027208226110373,0.8683137898035684,-0.18106290150737148
5.496147632598877,465,451,0.8587265225659643,1.8826340187381858,1.9032805973020406,0.8667098788613073,-0.1816226761983748
5.524062156677246,463,452,0.8575750133803294,1.8859617522517302,1.9039336677748777,0.8651240521010659,-0.18227574667121194
5.546050310134888,455,456,0.8564277542379204,1.8892767032163644,1.9039803156657946,0.8635555261126205,-0.18232239456212884
5.566301584243774,458,451,0.8552817537451465,1.89258801737248,1.9039803156657946,0.8620001231446246,-0.18232239456212884
5.588279962539673,461,448,0.8541334365457827,1.8958985288404522,1.9046800340295487,0.8604539753659639,-0.18302211292588288
5.609265089035034,454,452,0.8529868863933397,1.8991994694247092,1.905099865047801,0.8589222172718928,-0.18344194394413527
5.629528284072876,457,451,0.8518416154313115,1.9024947432727537,1.905286456611469,0.857403879668195,-0.18362853550780311
5.652081727981567,453,451,0.8506949271846386,1.9057935987952421,1.9053331045023858,0.855895265301561,-0.18367518339872002
5.672913074493408,455,450,0.8495473156749763,1.9090921332449942,1.9056129918478875,0.8543973793314816,-0.18395507074422168
5.694279670715332,461,447,0.8483994506734873,1.9123844666370946,1.9062660623207246,0.8529115485145816,-0.18460814121705882
5.71467399597168,455,453,0.8472523726484794,1.9156750365805126,1.9062194144298077,0.8514383609012315,-0.1845614933261419
5.7359724044799805,457,452,0.8461000904337408,1.9189780567901726,1.9064526538843924,0.8499705396738647,-0.18479473278072667
5.757456064224243,452,450,0.8449484791575685,1.9222751969391356,1.906825837011728,0.8485158085984834,-0.18516791590806214
5.778004884719849,458,449,0.8437992952963167,1.9255609552777968,1.9072456680299803,0.8470763968625941,-0.18558774692631452
5.801776170730591,458,452,0.8426439722379863,1.9288588356006333,1.9077587948300667,0.8456417262772159,-0.18610087372640094
5.822101831436157,449,456,0.8414862585944842,1.9321640339855402,1.9077121469391498,0.8442161107728625,-0.18605422583548403
5.8444294929504395,460,445,0.8403336562562076,1.9354526729742072,1.9078987385028177,0.8428090004639845,-0.18624081739915188
5.86503005027771,457,444,0.8391828851031117,1.9387297191657977,1.9085051610847379,0.8414166399373645,-0.1868472399810721
5.893953323364258,460,449,0.8380297940834995,1.9420079896451483,1.9090182878848243,0.8400339332649782,-0.18736036678115853
5.932188987731934,447,443,0.8368824493646496,1.9452699232284223,1.9090182878848243,0.8386701469338218,-0.18736036678115853
5.959898948669434,456,440,0.8357392199704528,1.9485129055603003,1.9097180062485783,0.8373236917051036,-0.18806008514491257
5.98174524307251,451,444,0.8345947804296018,1.9517554610324497,1.9100911893759138,0.835988028060526,-0.18843326827224804
6.003615617752075,448,442,0.833445739538588,1.9550086357390581,1.9103244288304986,0.8346592260396364,-0.1886665077268328
6.024115085601807,442,440,0.8323026922799551,1.9582414792457834,1.9106509640669171,0.8333495938872485,-0.18899304296325137
6.046046495437622,447,441,0.8311709372536863,1.9614395369631206,1.9109308514124188,0.8320649230948207,-0.18927293030875303
6.066397666931152,450,439,0.8300308125779944,1.9646550437366643,1.911537273994339,0.8307830136456467,-0.18987935289067326
6.089707136154175,445,445,0.8288837652992179,1.9678905535836755,1.9114906261034221,0.8295054628667444,-0.18983270499975635
6.111794471740723,446,439,0.8277403167862696,1.9711130481339711,1.9117705134489238,0.8282442200350958,-0.190112592345258
6.134312629699707,444,438,0.8266014631044672,1.9743187968874165,1.9121436965762593,0.8270003041110419,-0.1904857754725935
6.156783819198608,445,441,0.8254607223041655,1.9775279592567363,1.9123302881399271,0.8257665509586116,-0.19067236703626134
6.179805517196655,448,441,0.8243147186672635,1.980749546023014,1.9125635275945119,0.8245394686670916,-0.1909056064908461
6.202107191085815,441,441,0.8231684144748933,1.9839710258579661,1.9126568233763457,0.8233244601013356,-0.1909989022726799
6.222792148590088,445,435,0.8220236410980281,1.987184880553258,1.9129833586127643,0.8221235270994828,-0.19132543750909847
6.244371175765991,443,444,0.8208829394412401,1.9903858869922961,1.913123302285515,0.8209392373584147,-0.1914653811818492
6.286280393600464,445,441,0.8197368168894131,1.9935992607929955,1.9134031896310166,0.819761805908511,-0.19174526852735085
6.3421790599823,444,446,0.8185867565963922,1.9968194016207956,1.913823020649269,0.8185929356408171,-0.19216509954560324
6.39410924911499,445,438,0.8174354946812566,2.0000391130412813,1.9141962037766045,0.8174354956170063,-0.1925382826729387
6.438753128051758,448,439,0.8162816873961576,2.003264044868318,1.9143827953402723,0.8162882132967625,-0.19272487423660656
6.486784934997559,449,433,0.8151289720796357,2.0064811922902073,1.9148492742494416,0.8151547380572024,-0.19319135314577585
6.536140441894531,452,439,0.8139779546030054,2.009690771855062,1.9151291615949433,0.8140356390471114,-0.1934712404912775
6.5821709632873535,451,432,0.8128306432764579,2.012885326369776,1.9155956405041126,0.8129327686130483,-0.1939377194004468
6.60434627532959,447,434,0.8116809479620054,2.0160790236803283,1.9163420067587835,0.811840191347418,-0.19468408565511774
6.624881744384766,441,438,0.8105323733770416,2.019264943607698,1.9168084856679528,0.8107612881387639,-0.19515056456428703
6.645638465881348,446,437,0.8093831147044417,2.022448571139436,1.9172283166862052,0.8096943650013045,-0.1955703955825394
6.667945146560669,446,431,0.8082299622499786,2.025636929682693,1.9178347392681254,0.8086364597531805,-0.19617681816445964
6.688536882400513,438,433,0.807082023487255,2.028806711454099,1.9182545702863778,0.8075959504981942,-0.19659664918271202
6.716828346252441,441,435,0.8059351647553363,2.031970744649681,1.9185344576318795,0.8065690412498276,-0.19687653652821369
6.737964868545532,439,436,0.8047876503008723,2.035136586897976,1.9185344576318795,0.8055543071796203,-0.19687653652821369
6.7595531940460205,445,432,0.8036378548683144,2.0383036486251016,1.9190475844319659,0.8045501670345617,-0.1973896633283001
6.779916524887085,435,430,0.8024910375341746,2.0414574612926977,1.9195607112320523,0.8035611902148533,-0.19790279012838652
6.801389694213867,439,437,0.8013503571732519,2.0445930305717672,1.919700654904803,0.8025901403065409,-0.19804273380113724
6.823279619216919,438,433,0.8002045611016008,2.0477431195974862,1.919654007013886,0.801627560078061,-0.19799608591022033
6.8438169956207275,436,432,0.7990564198001842,2.050896450517665,1.9199805422503047,0.8006757213124333,-0.1983226211466389
6.865299701690674,440,434,0.7979112024559966,2.054038559035997,1.9203070774867232,0.7997389904634269,-0.19864915638305747
6.886970520019531,434,431,0.7967681821299072,2.0571732760764627,1.920447021159474,0.7988168247801948,-0.1987891000558082
6.909757375717163,437,436,0.7956256004988247,2.0603081530446947,1.9203070774867232,0.7979079956315626,-0.19864915638305747
6.931001901626587,437,432,0.7944730568228263,2.0634680717055707,1.920540316941308,0.7970041619360775,-0.19888239583764222
6.951478958129883,434,430,0.7933213140722788,2.066622137573759,1.9209135000686435,0.7961138213699497,-0.1992555789649777
6.973679780960083,439,434,0.7921751476162289,2.069757754469351,1.921240035305062,0.7952405980641332,-0.19958211420139627
6.994311332702637,436,434,0.7910263387014906,2.072900600452887,1.921240035305062,0.7943784778465973,-0.19958211420139627
7.0155463218688965,436,435,0.7898781904014245,2.0760416391644374,1.921240035305062,0.7935300161674059,-0.19958211420139627
7.036715745925903,442,430,0.7887283552979942,2.0791841098538364,1.9215665705414806,0.7926932204228969,-0.19990864943781483
7.057429075241089,436,429,0.7875813188321679,2.0823153103695704,1.921939753668816,0.791871292631988,-0.2002818325651503
7.079524993896484,439,436,0.7864343603469279,2.0854444901177023,1.922126345232484,0.7910624273884811,-0.20046842412881816
7.099877119064331,435,433,0.7852804860797211,2.0885916290855975,1.9222196410143177,0.7902619303507181,-0.20056171991065197
7.128471612930298,439,431,0.7841284524135043,2.091733294445039,1.9222662889052347,0.7894760459913508,-0.20060836780156888
7.149551630020142,444,431,0.7829723001052187,2.094881647198682,1.922732767814404,0.7887002914334391,-0.20107484671073816
7.2037434577941895,436,434,0.7818115046149721,2.0980426439392876,1.922732767814404,0.7879350155811915,-0.20107484671073816
7.254937648773193,442,434,0.7806500462125682,2.1012013470581654,1.9231525988326563,0.7871824485454895,-0.20149467772899055
7.292603492736816,434,435,0.7794904329272789,2.1043545780713186,1.9231992467235732,0.7864446661969293,-0.20154132561990745
7.317958354949951,438,430,0.778331931116983,2.1075020670350586,1.923479134069075,0.7857208724560537,-0.2018212129654091
7.3513123989105225,443,436,0.7771715894640927,2.1106509289864213,1.9238523171964104,0.7850091130399075,-0.2021943960927446
7.3720386028289795,441,435,0.7760053349171018,2.1138140177004674,1.9240389087600782,0.7843072806272587,-0.20238098765641244
7.393881320953369,432,430,0.7748427803053822,2.116966165471194,1.924132204541912,0.7836213486476805,-0.20247428343824625
7.414334297180176,440,427,0.7736865271798012,2.120098076959484,1.9244587397783306,0.7829523551461529,-0.20280081867466482
7.4358251094818115,438,429,0.7725279997843004,2.1232311995251236,1.924971866578417,0.782294982079735,-0.20331394547475123
7.456248044967651,444,431,0.7713657136336942,2.126369086346365,1.9255316412694203,0.7816483929194977,-0.20387372016575456
7.477785110473633,441,428,0.7701986178200019,2.1295154511856413,1.9259981201785896,0.7810122681415841,-0.20434019907492385
7.498921155929565,431,422,0.769037570768094,2.132641483665787,1.926417951196842,0.7803925604732226,-0.20476003009317623
7.5262768268585205,442,428,0.7678782187334713,2.135755828749218,1.927164317451513,0.7797862552293903,-0.20550639634784718
7.548341512680054,437,426,0.7667102542703499,2.138887499394763,1.9277707400334332,0.7791882644723512,-0.2061128189297674
7.568902015686035,439,429,0.7655386630320301,2.1420239780359784,1.9282838668335196,0.7786014737553688,-0.20662594572985382
7.592056751251221,434,423,0.7643719674028809,2.1451437983379367,1.928657049960855,0.7780303507880104,-0.2069991288571893
7.612496614456177,433,422,0.7632163507450391,2.1482287281102015,1.9292168246518584,0.7774773012003261,-0.20755890354819262
7.632993459701538,435,428,0.7620570792129008,2.1513163973913283,1.9299631909065293,0.77693477467416,-0.20830526980286357
7.654386043548584,433,427,0.7608874675058469,2.154428959604015,1.930243078252031,0.776400696658523,-0.20858515714836523
7.674588680267334,430,423,0.7597254013778663,2.1575196900234053,1.9304296698156989,0.7758834566117708,-0.20877174871203308
7.696206331253052,430,422,0.7585700681638943,2.1605903386825487,1.9306629092702836,0.7753823606404462,-0.20900498816661783
7.716867446899414,427,425,0.7574152317971431,2.163657062303819,1.9309427966157853,0.7748944879144748,-0.2092848755121195
7.738562822341919,431,428,0.7562569281178608,2.1667286482667523,1.9314092755249546,0.7744178352021096,-0.20975135442128878
7.759299039840698,429,426,0.7550901883565726,2.16982173091971,1.9315025713067884,0.7739512987552452,-0.2098446502031226
7.779805421829224,427,420,0.7539275233558012,2.172904011188548,1.9315025713067884,0.7735001664889941,-0.2098446502031226
7.803610563278198,431,424,0.7527735105382228,2.175960763020588,1.93178245865229,0.7730654230340582,-0.21012453754862426
7.8243608474731445,427,427,0.751618927376633,2.1790172994703605,1.9319690502159579,0.7726436471624296,-0.2103111291122921
7.848122596740723,429,426,0.7504588686370577,2.1820861659946558,1.9322022896705426,0.7722330511980473,-0.21054436856687686
7.8685102462768555,433,422,0.7492949772491979,2.185163869278429,1.9323422333432934,0.7718345816410633,-0.21068431223962758
7.891841173171997,424,421,0.7481366403746664,2.188225158041271,1.9325288249069612,0.7714513223728081,-0.21087090380329543
7.918305397033691,432,426,0.7469805693876512,2.1912770170932006,1.9329020080342967,0.7710816223401853,-0.2112440869306309
7.941044092178345,431,427,0.745814668290996,2.194353959617607,1.9329953038161305,0.7707223761232386,-0.21133738271246472
7.965498208999634,432,424,0.7446440626568007,2.1974394078653563,1.9334151348343829,0.7703746490041374,-0.2117572137307171
7.99744725227356,424,424,0.7434791706309437,2.2005085012671968,1.9335550785071336,0.7700421652367443,-0.21189715740346782
8.026814460754395,432,429,0.7423138491162922,2.2035774316197165,1.9336950221798843,0.769723080889956,-0.21203710107621854
8.057440042495728,427,420,0.7411467314873906,2.206649796479745,1.933834965852635,0.7694170624437453,-0.21217704474896926
8.079367399215698,430,423,0.7399816322682302,2.2097146944421713,1.9340682053072198,0.7691248722797407,-0.212410284203554
8.10127854347229,427,427,0.7388150224241603,2.2127831352861254,1.9341148531981367,0.7688460834405063,-0.21245693209447092
8.122650146484375,427,427,0.7376457875657156,2.2158567538656517,1.9343014447618045,0.768580149433266,-0.21264352365813877
8.143996477127075,432,428,0.7364725227372468,2.218937074101747,1.934721275780057,0.7683262452651206,-0.21306335467639115
8.164369344711304,431,422,0.7352981084669635,2.222016956280723,1.9350944589073924,0.7680851757398075,-0.21343653780372662
8.184897184371948,433,422,0.7341298359637544,2.225078586591762,1.9353276983619772,0.7678587019721235,-0.21366977725831138
8.206342458724976,427,430,0.7329563311955074,2.2281526372134315,1.9354676420347279,0.7676448458154475,-0.2138097209310621
8.2268705368042,428,426,0.7317785649668225,2.2312374190406787,1.9355142899256448,0.7674442078154584,-0.213856368821979
8.248747825622559,434,425,0.7306044567349946,2.234309179315597,1.9358874730529803,0.7672572343826973,-0.21422955194931448
8.270430088043213,431,424,0.7294288012845294,2.2373824080619604,1.936167360398482,0.7670832965204498,-0.21450943929481614
8.29105257987976,431,426,0.728252027997351,2.2404572693662512,1.9363073040712326,0.7669228870449287,-0.21464938296756686
8.322105646133423,430,431,0.727075541586883,2.243532240445144,1.9362140082893988,0.7667768875690573,-0.21455608718573305
8.343482494354248,433,421,0.7258952983989552,2.246614015008232,1.9365405435258174,0.7666436307934663,-0.21488262242215161
8.364830255508423,433,423,0.7247119519081694,2.2496987215534276,1.9371003182168207,0.7665225794351821,-0.21544239711315494
8.385672092437744,428,426,0.7235306444272672,2.2527759663844713,1.9373335576714055,0.7664152155372047,-0.2156756365677397
8.407602310180664,432,429,0.7223482164523608,2.2558548421791405,1.9374735013441562,0.7663215030771481,-0.2158155802404904
8.428274393081665,438,427,0.7211609286928256,2.2589442189970863,1.937706740798741,0.7662409501097612,-0.21604881969507517
8.449931621551514,435,421,0.7199706734373398,2.2620365777689213,1.9382198675988274,0.7661729169702258,-0.21656194649516158
8.471032619476318,437,424,0.7187757439272008,2.2651333216802008,1.9390595296353323,0.7661163412454258,-0.21740160853166657
8.492829322814941,431,430,0.7175789654650628,2.2682314144035516,1.9394327127626678,0.7660728838373276,-0.21777479165900204
8.51541805267334,435,424,0.7163851952450764,2.2713182921155894,1.9398058958900033,0.7660426643489555,-0.21814797478633752
8.53589129447937,440,424,0.7151860512756035,2.2744113428278054,1.9406455579265083,0.7660239376231982,-0.2189876368228425
8.557641983032227,432,421,0.7139851760825889,2.277503721805011,1.9412053326175116,0.76601771995256,-0.21954741151384582
8.57792043685913,434,426,0.7127862016834733,2.2805865173456725,1.941718459417598,0.7660241269219439,-0.22006053831393224
8.600908756256104,434,432,0.7115855443758294,2.28367278761479,1.9418117551994318,0.7660445400874489,-0.22015383409576605
8.621575117111206,434,426,0.7103838793562217,2.2867586656624592,1.9421382904358504,0.7660781868593499,-0.22048036933218462
8.641883134841919,441,427,0.7091743148795193,2.289857986376641,1.9428846566905213,0.7661239202316793,-0.22122673558685557
8.663856267929077,435,430,0.7079612275811682,2.2929641944395764,1.943117896145106,0.7661834760563977,-0.22145997504144033
8.684162139892578,436,432,0.7067486719306338,2.29606647846944,1.9433977834906078,0.7662565138052726,-0.221739862386942
8.705899000167847,435,434,0.7055325890888499,2.299175647712633,1.9436310229451925,0.7663434624570691,-0.22197310184152674
8.733874320983887,438,425,0.7043184417329406,2.302277309139308,1.9439109102906942,0.7664437611368615,-0.2222529891870284
8.754943370819092,441,434,0.7031027029913403,2.3053783471461307,1.9444240370907806,0.766556811892916,-0.22276611598711482
8.775668859481812,436,437,0.7018804978434149,2.3084954513909217,1.9444706849816975,0.7666848614533931,-0.22281276387803173
8.796066045761108,435,433,0.7006556028383935,2.311617701452656,1.9446572765453654,0.7668271419606046,-0.22299935544169958
8.819528102874756,438,430,0.6994319678574582,2.3147363118215423,1.9447039244362823,0.7669837179758013,-0.22304600333261648
8.839932203292847,438,432,0.6982133763417745,2.3178403646628407,1.94489051599995,0.7671534503028635,-0.22323259489628433
8.862457752227783,441,437,0.6969878503901982,2.320958232418456,1.9453103470182025,0.7673371166239314,-0.2236524259145367
8.882843494415283,433,435,0.6957564277457429,2.3240923901737416,1.9451704033454518,0.7675368943041408,-0.223512482241786
8.904544353485107,435,428,0.6945330135562887,2.327204885382966,1.9453103470182025,0.7677494017829385,-0.2236524259145367
8.925792217254639,440,432,0.6933111114426551,2.3303097044782337,1.9457301780364549,0.7679744775201504,-0.2240722569327891
8.945952892303467,438,436,0.6920825535042225,2.3334284469972113,1.9460567132728734,0.768214026253034,-0.22439879216920766
8.967988729476929,443,434,0.690847598226423,2.3365591460366524,1.9465231921820427,0.7684676068359277,-0.22486527107837695
8.988577842712402,430,432,0.6896147612252579,2.3396844750948937,1.9465231921820427,0.7687353650771265,-0.22486527107837695
9.01160192489624,440,429,0.6883898181998841,2.3427880957183316,1.9467097837457106,0.7690150976199814,-0.2250518626420448
9.03244137763977,440,436,0.6871608707597905,2.345896341237715,1.9473162063276308,0.769307702538452,-0.22565828522396503
9.052849292755127,437,437,0.6859251184954055,2.349020518751045,1.9474561500003815,0.7696158721675279,-0.22579822889671575
9.074472188949585,440,432,0.6846889088563544,2.3521424458149953,1.947829333127717,0.7699371429249742,-0.22617141202405122
9.094873189926147,434,432,0.683454533749564,2.3552588905206657,1.9479226289095508,0.7702720162363477,-0.22626470780588503
9.125465393066406,441,433,0.6822184318989535,2.3583767207656026,1.9482491641459694,0.7706204401710182,-0.2265912430423036
9.146150350570679,441,438,0.6809772197609307,2.361507014520623,1.9482958120368863,0.7709846272014383,-0.2266378909332205
9.16799259185791,440,432,0.6797361331559423,2.3646352880145236,1.9484824036005541,0.771362498429388,-0.22682448249688836
9.188283443450928,438,430,0.678498560437134,2.367750464297405,1.9489488825097234,0.771751709104826,-0.22729096140605765
9.2103853225708,433,435,0.6772621182887769,2.3708619486875757,1.9490421782915572,0.7721544935136668,-0.22738425718789146
9.231805562973022,442,435,0.6760228337446765,2.3739805859154246,1.9490421782915572,0.772572553476906,-0.22738425718789146
9.252620458602905,443,435,0.6747764030928087,2.377112947725846,1.9495086572007265,0.7730054136377995,-0.22785073609706075
9.274109125137329,436,432,0.6735325097648434,2.380235964139041,1.949835192437145,0.773450341091705,-0.22817727133347931
9.294371604919434,440,430,0.6722945669060137,2.383338566307499,1.9504416150190653,0.77390467184921,-0.22878369391539954
9.318221807479858,441,436,0.6710567585835394,2.3864391503521123,1.9506282065827332,0.7743722555499448,-0.2289702854790674
9.33981704711914,445,435,0.6698076500672279,2.389564229379625,1.9510480376009856,0.774856487938717,-0.22939011649731977
9.364410877227783,439,437,0.6685505022432683,2.392704744768529,1.951561164401072,0.7753559122193121,-0.2299032432974062
9.38597846031189,438,435,0.6672983601273677,2.395832755261117,1.951561164401072,0.7758676894717821,-0.2299032432974062
9.406230449676514,447,439,0.6660417645643801,2.3989693462401656,1.9518410517465736,0.7763943401283515,-0.23018313064290785
9.428330183029175,442,445,0.664776581787978,2.402127371781713,1.9518410517465736,0.776939075365486,-0.23018313064290785
9.449366331100464,446,437,0.6635082193194036,2.4052903419674805,1.9521675869829922,0.7774981790310014,-0.23050966587932642
9.47144103050232,445,436,0.6622438414696694,2.4084403975988313,1.9524941222194108,0.7780684185566177,-0.230836201115745
9.493337154388428,439,439,0.6609816139224007,2.411585095992714,1.9524941222194108,0.7786520308756621,-0.230836201115745
9.514562606811523,447,441,0.6597108910731129,2.414747118634638,1.9529139532376631,0.7792519696582197,-0.23125603213399737
9.542886018753052,443,439,0.6584358410821922,2.417917771194564,1.953147192692248,0.7798673094199075,-0.23148927158858212
9.564950704574585,447,437,0.6571626111040442,2.4210787851411464,1.9537069673832512,0.7804934597605728,-0.23204904627958545
9.585578203201294,440,446,0.6558932538698774,2.4242289122289726,1.953846911056002,0.781131314468312,-0.23218898995233617
9.605847120285034,444,444,0.6546224751053462,2.4273846901220426,1.9536136716014172,0.7817853018980109,-0.2319557504977514
9.627922296524048,449,437,0.6533417373724367,2.4305613499086243,1.9540335026196696,0.7824567092357064,-0.2323755815160038
9.648527383804321,446,442,0.6520619747974861,2.433732178409222,1.954406685747005,0.783140103407051,-0.23274876464333927
9.670378684997559,444,441,0.6507892522880506,2.4368830227256773,1.9546865730925067,0.7838325244843853,-0.23302865198884093
9.691625118255615,441,445,0.6495142363297393,2.44004124168455,1.9544999815288389,0.7845412911875863,-0.23284206042517308
9.711899757385254,447,441,0.648234325843719,2.443212010483473,1.954453333637922,0.7852672331371424,-0.23279541253425617
9.733842134475708,446,438,0.6469537877551268,2.446378374999875,1.955106404110759,0.7860043620478416,-0.2334484830070933
9.754663228988647,447,442,0.6456751038547005,2.449537186680006,1.9554329393471777,0.7867528340882878,-0.23377501824351188
9.776056289672852,451,442,0.6443906262310297,2.4527081842771925,1.9556661788017624,0.7875176056990543,-0.23400825769809663
9.796802043914795,448,444,0.6430984780795171,2.4558968357098,1.9558061224745131,0.7883004359496445,-0.23414820137084735
9.81834888458252,453,444,0.6418000766632428,2.4590974863584796,1.9561793056018486,0.7890993856198462,-0.23452138449818283
9.841663599014282,458,445,0.6404991594658357,2.462299192380582,1.956739080292852,0.7899112080178254,-0.23508115918918615
9.862086534500122,449,451,0.6391967935855807,2.465504463776874,1.956739080292852,0.7907382289520865,-0.23508115918918615
9.883826494216919,452,447,0.6378903562061656,2.468718465812467,1.9568790239656026,0.7915813961522981,-0.23522110286193687
9.90432596206665,452,447,0.6365864952761594,2.471923129333828,1.9572055592020212,0.79243536390561,-0.23554763809835544
9.933549404144287,456,447,0.6352757574672767,2.4751395360843778,1.9577653338930245,0.7933050275752069,-0.23610741278935876
9.95421552658081,455,452,0.6339622400178079,2.478361043628129,1.9579519254566924,0.7941897819975963,-0.2362940043530266
9.975743532180786,453,451,0.6326498996644515,2.4815809530498685,1.9578119817839417,0.7950887434028104,-0.2361540606802759
9.996145725250244,457,445,0.631332271422599,2.484809096330867,1.958325108584028,0.7960026990059582,-0.2366671874803623
10.016390800476074,454,449,0.6300161996853624,2.4880295612238528,1.9587449396022805,0.7969273897252702,-0.2370870184986147
10.0433349609375,458,451,0.628699376844455,2.491249719069389,1.9589781790568652,0.7978653977522524,-0.23732025795319944
10.074000835418701,451,451,0.6273876726019216,2.49445949657888,1.9587449396022805,0.7988150508659033,-0.2370870184986147
10.103894710540771,462,448,0.6260769563573197,2.497663441482548,1.959118122729616,0.7997757537396959,-0.23746020162595016
10.132848739624023,455,452,0.624756467497933,2.5008904156687817,1.9592114185114498,0.8007570494159516,-0.23755349740778398
10.154120445251465,459,449,0.6234321339845087,2.5041220534019644,1.9597245453115362,0.8017522500191012,-0.2380666242078704
10.175761938095093,455,446,0.6221127175704302,2.507336989880583,1.9602376721116226,0.802754666547605,-0.2385797510079568
10.195987701416016,462,449,0.6207893268162175,2.5105586149653085,1.9605642073480412,0.8037720370877719,-0.23890628624437538
10.216415882110596,459,453,0.6194531506151072,2.5138061911516894,1.9611239820390445,0.8048099203369632,-0.2394660609353787
10.238527774810791,458,456,0.6181136174783679,2.517062789794038,1.9610306862572107,0.805864984164089,-0.2393727651535449
10.26205039024353,458,450,0.6167754966143209,2.5203116463363293,1.96149716516638,0.8069301224623255,-0.23983924406271417
10.28441858291626,463,455,0.6154399819370334,2.5235511708564835,1.9618237004027985,0.8080050741621928,-0.24016577929913274
10.30463194847107,465,457,0.6140973859357353,2.5268044264175313,1.962196883530134,0.8090973384619478,-0.24053896242646822
10.33393144607544,458,458,0.6127499561959443,2.5300702586530566,1.9621035877483002,0.8102079905349304,-0.2404456666446344
10.356810331344604,459,452,0.6114057151442305,2.5333249168127803,1.9624767708756357,0.8113275635675069,-0.24081884977196988
10.378346681594849,459,457,0.6100620333189538,2.5365756420168424,1.9627566582211373,0.8124586783972726,-0.24109873711747154
10.398937940597534,468,463,0.6087139411594585,2.539837036997285,1.9627566582211373,0.8136072078564011,-0.24109873711747154
10.419905662536621,461,457,0.6073575519554633,2.5431137410740545,1.9632697850212237,0.8147734235115849,-0.24161186391755796
10.441835403442383,457,454,0.60600380159057,2.5463832071912442,1.9633630808030575,0.8159504988924347,-0.24170515969939177
10.463483810424805,471,458,0.6046525151972757,2.5496432800082607,1.963736263930393,0.8171367078969289,-0.24207834282672724
10.484418869018555,465,465,0.6032893814248435,2.5529276033615216,1.9642027428395623,0.8183440671863433,-0.24254482173589653
10.504693031311035,470,462,0.6019132441669984,2.5562419470968156,1.964342686512313,0.8195759008253581,-0.24268476540864725
10.52556824684143,468,457,0.6005400253592745,2.5595470849931665,1.9645759259668978,0.8208174354768958,-0.242918004863232
10.547914266586304,464,465,0.5991710530480779,2.5628394011694433,1.9648558133123994,0.8220669938146892,-0.24319789220873367
10.568312168121338,474,467,0.5977915486174888,2.566154429108696,1.965135700657901,0.8233380673805197,-0.24347777955423533
10.590963363647461,470,464,0.5964064035531388,2.569481699034371,1.9652756443306518,0.8246271907560794,-0.24361772322698605
10.611451625823975,473,462,0.5950223924304814,2.5728031878922466,1.9656021795670704,0.8259268366830165,-0.24394425846340462
10.632842063903809,464,462,0.5936429138340854,2.57610988831565,1.9660220105853228,0.8272330461003684,-0.244364089481657
10.653954029083252,472,470,0.5922600402806372,2.5794255972016096,1.965928714803489,0.8285565629488816,-0.24427079369982319
10.674416065216064,478,464,0.5908633264124413,2.5827709763336837,1.9663018979308244,0.8299045013470466,-0.24464397682715866
10.69590973854065,468,466,0.5894721976526088,2.5860999202801787,1.966628433167243,0.8312584365634,-0.24497051206357723
10.716286897659302,475,467,0.5880854889354942,2.589416112824293,1.9668616726218278,0.8326198990856506,-0.24520375151816198
10.745436429977417,472,472,0.5866932732323471,2.5927446023407628,1.9669549684036616,0.8339994966786217,-0.2452970472999958
10.766605854034424,483,466,0.5852892546051822,2.5960973554238778,1.967374799421914,0.8354014416432561,-0.24571687831824818
10.788172006607056,473,467,0.583881557855094,2.5994527396624565,1.968027869894751,0.836816145095275,-0.2463699487910853
10.808667421340942,477,476,0.58247605786756,2.602800698587086,1.9682611093493358,0.8382404429553684,-0.24660318824567007
10.829609870910645,478,472,0.5810604033106274,2.606171524332678,1.9684010530220866,0.8396875068781906,-0.2467431319184208
10.854214429855347,481,475,0.5796430597798161,2.6095437276326536,1.9686809403675882,0.8411478066589831,-0.24702301926392245
10.878549098968506,479,469,0.5782239860677848,2.6129152032117617,1.9691940671676746,0.8426197389049422,-0.24753614606400887
10.900875806808472,471,478,0.5768067195514726,2.616283263975724,1.9691007713858408,0.844103698117893,-0.24744285028217505
10.921348094940186,481,472,0.5753892959237713,2.619651258623528,1.9691474192767577,0.8456006883732864,-0.24748949817309196
10.942988634109497,477,468,0.5739694358892212,2.623022403126955,1.9694273066222594,0.8471114614577453,-0.24776938551859362
10.964062690734863,484,476,0.5725469411016418,2.626394525235404,1.9699870813132627,0.8486342563258533,-0.24832916020959694
10.984384775161743,479,474,0.5711190122130692,2.629776885426289,1.9702669686587644,0.8501740124988935,-0.2486090475550986
11.006393432617188,481,479,0.5696865929820796,2.633169881969975,1.9702669686587644,0.8517317146011422,-0.2486090475550986
11.026926755905151,484,474,0.5682498680290188,2.636567326052362,1.9708733912406846,0.853302919901515,-0.24921547013701884
11.048504114151001,486,477,0.5668127838113216,2.6399625287858295,1.9711999264771032,0.8548852379950735,-0.2495420053734374
11.071047067642212,484,482,0.5653668119820002,2.6433769540638603,1.971386518040771,0.8564890758854902,-0.24972859693710525
11.092476606369019,480,479,0.5639191799640321,2.6467948555896217,1.971433165931688,0.8581074680647558,-0.24977524482802216
11.113964319229126,487,477,0.562470272543716,2.6502122166455537,1.9718063490590234,0.8597375961132132,-0.25014842795535763
11.142202377319336,485,481,0.5610202493118644,2.653629104399979,1.972132884295442,0.8613795483157614,-0.2504749631917762
11.164278030395508,486,483,0.5595657158988874,2.6570566201100942,1.972132884295442,0.8630395080411644,-0.2504749631917762
11.186896800994873,485,478,0.5581097909383633,2.6604856355425377,1.9723194758591098,0.8647125612012894,-0.25066155475544405
11.208619594573975,491,481,0.5566519467299907,2.6639138354478415,1.9728792505501132,0.866396543562676,-0.2512213294464474
11.22895073890686,494,485,0.5551810347039199,2.6673678425097243,1.9733923773501996,0.8681047278473947,-0.2517344562465338
11.251667499542236,488,487,0.5537061915082361,2.6708306326659836,1.9734390252411165,0.8698300318094331,-0.2517811041374507
11.27256464958191,490,484,0.5522320495388023,2.674289538403029,1.9736722646957012,0.8715656132142872,-0.25201434359203545
11.29471492767334,495,488,0.5507594762066538,2.6777407455454725,1.9740920957139536,0.8733089480842164,-0.25243417461028783
11.315429449081421,498,492,0.5492697426938262,2.681228563833533,1.974465278841289,0.8750826283395415,-0.2528073577376233
11.335878849029541,491,487,0.5477789277974218,2.6847180126179175,1.974558574623123,0.8768697226739692,-0.2529006535194571
11.359965085983276,494,485,0.5462964855975582,2.6881838358669246,1.9749784056413753,0.8786562707479855,-0.2533204845377095
11.382019519805908,498,489,0.5448100444985374,2.6916563199351375,1.975258292986877,0.8804580907077382,-0.25360037188321116
11.40406608581543,505,495,0.5433090967960033,2.695158176678933,1.9757247718960462,0.8822866117452239,-0.25406685079238045
11.424692153930664,497,487,0.5417974722936371,2.6986826729368465,1.975958011350631,0.8841391171336958,-0.2543000902469652
11.446079730987549,499,495,0.5402936421354269,2.702185386982706,1.9763311944779665,0.885991838237812,-0.2546732733743007
11.468061685562134,502,498,0.538781995076055,2.705703591465906,1.9766110818234681,0.8878646277592168,-0.25495316071980234
11.488848447799683,504,500,0.5372605721576337,2.7092427274294533,1.976797673387136,0.8897607368313786,-0.2551397522834702
11.511060953140259,499,495,0.5357344553682554,2.7127882230782117,1.9772641522963053,0.8916717207738034,-0.2556062311926395
11.537487506866455,499,500,0.5342109876967949,2.716324384222185,1.9775906875327238,0.8935893927343126,-0.25593276642905805
11.559985399246216,507,502,0.5326844099985286,2.7198654909952515,1.9778239269873086,0.895521638924105,-0.2561660058836428
11.581662893295288,506,496,0.5311511739524825,2.7234183949733426,1.978197110114644,0.8974718623872882,-0.2565391890109783
11.604671955108643,507,497,0.5296182395616553,2.7269651412044453,1.9787568848056474,0.8994297060931365,-0.2570989637019816
11.626296520233154,503,503,0.5280831159183803,2.7305151336719957,1.9789434763693152,0.9014012080321833,-0.25728555526564945
11.648080587387085,511,505,0.5265406195787942,2.73408080580052,1.979083420042066,0.9033934101548237,-0.25742549893840017
11.672964572906494,504,499,0.5249933329732954,2.737650694313725,1.97978313840582,0.9053985567074481,-0.2581252173021542
11.693572998046875,509,505,0.5234485436765551,2.741211178968079,1.9801563215331555,0.9074097143541918,-0.2584984004294897
11.71497654914856,507,507,0.5218980598631342,2.7447838756490226,1.9802496173149893,0.9094397211006798,-0.2585916962113235
11.7357337474823,513,505,0.5203429104930667,2.748365035536909,1.980482856769574,0.9114861331444132,-0.25882493566590825
11.75697660446167,511,502,0.5187832871192949,2.751950545256173,1.9810892793514943,0.9135456865999404,-0.2594313582478285
11.778327941894531,509,509,0.5172255654627306,2.755528488425188,1.9814158145879128,0.9156121353445958,-0.25975789348424705
11.799991369247437,515,509,0.5156611962771783,2.7591203268800424,1.9815557582606635,0.9176982837667689,-0.25989783715699777
11.821321249008179,516,505,0.5140863539586252,2.762730690150696,1.9821155329516669,0.9198058952976057,-0.2604576118480011
11.84180760383606,521,510,0.5125075171602822,2.766345608522284,1.9825820118608362,0.9219270832594011,-0.2609240907571704
11.864036083221436,511,514,0.5109255255366238,2.7699654481339184,1.982815251315421,0.9240625974277614,-0.26115733021175513
11.885452270507812,522,512,0.5093366912726283,2.7735990969068185,1.9830018428790888,0.9262178079758528,-0.261343921775423
11.906858682632446,521,509,0.5077419637763781,2.7772406688188185,1.983561617570092,0.9283883664961647,-0.2619036964664263
11.934298992156982,520,519,0.50614433231989,2.78088517001453,1.9839348006974276,0.9305717242040877,-0.2622768795937618
11.956001043319702,518,513,0.5045451557652815,2.784533195872907,1.9839348006974276,0.932769076263128,-0.2622768795937618
11.976800680160522,526,516,0.5029423903178859,2.7881838497784246,1.9844945753884309,0.9349785179511917,-0.2628366542847651
11.998012781143188,526,516,0.5013336174622586,2.7918444749635887,1.9848677585157664,0.937204923444257,-0.2632098374121006
12.019556999206543,527,524,0.49971452387587384,2.7955257864468637,1.985147645861268,0.9394550985940692,-0.26348972475760224
12.039991617202759,523,520,0.4980935371451956,2.799210469501059,1.9852409416431018,0.9417189316913595,-0.26358302053943605
12.06213092803955,531,518,0.4964741958287797,2.8028853646220324,1.985847364225022,0.9439870422034867,-0.2641894431213563
12.083868980407715,528,525,0.49484261116236017,2.8065843030285746,1.9862205473523575,0.9462808503367668,-0.26456262624869176
12.105476140975952,528,523,0.4932080056223251,2.81028821817863,1.9864071389160254,0.9485890223532268,-0.2647492178123596
12.13420557975769,526,521,0.4915726228507054,2.8139896866545526,1.9868269699342778,0.9509063326723083,-0.265169048830612
12.186103820800781,533,527,0.48992289422902296,2.817722682847203,1.9869202657161116,0.9532548601148435,-0.2652623446124458
12.237451791763306,541,532,0.4882610493973608,2.821479776828164,1.9872468009525301,0.9556295705430333,-0.26558887984886437
12.282901763916016,538,529,0.48660845260538743,2.825213608541062,1.987480040407115,0.9580006711210441,-0.2658221193034491
12.304553270339966,534,535,0.48495065907359197,2.828957765781258,1.9876199840798656,0.9603895663661524,-0.26596206297619984
12.353002548217773,532,528,0.4832841978149944,2.8327191291631255,1.9878532235344504,0.962800479814939,-0.2661953024307846
12.374690771102905,538,533,0.48162335394150846,2.836464039391133,1.9882264066617859,0.9652114505414854,-0.26656848555812007
12.396576642990112,538,535,0.479953577729084,2.840228142848456,1.9883197024436197,0.9676459935376744,-0.2666617813399539
12.419514417648315,544,532,0.47827831633826734,2.8440003379457903,1.988739533461872,0.970096241788399,-0.26708161235820627
12.442073345184326,537,533,0.4766033083227591,2.847770540074157,1.9888794771346228,0.972556220545541,-0.267221556030957
12.462653875350952,545,538,0.47492308370879893,2.851551058041532,1.9890194208073735,0.9750339173029458,-0.2673614997037077
12.486021995544434,541,533,0.47323440898267694,2.8553467715123624,1.989392603934709,0.9775320482632808,-0.2677346828310432
12.507448196411133,545,535,0.471545352912613,2.8591381026050513,1.9899057307347954,0.9800373968381453,-0.2682478096311296
12.528120040893555,541,539,0.46986074149187695,2.8629208810499485,1.9897657870620447,0.9825485043229752,-0.2681078659583789
12.549621105194092,549,537,0.46816321725385396,2.866727398104282,1.990278913862131,0.9850853671708345,-0.2686209927584653
12.570476770401001,549,540,0.46645564454005073,2.870552609530046,1.9906520969894665,0.9876450345558605,-0.26899417588580077
12.592548608779907,546,543,0.4647452529642728,2.8743807768611336,1.9909786322258851,0.9902170939228959,-0.26932071112221934
12.613972902297974,549,549,0.463033043040567,2.878214454380564,1.9908386885531344,0.9928042238177472,-0.2691807674494686
12.634437799453735,551,540,0.4613112572179296,2.88206282087531,1.9914917590259715,0.9954109181672138,-0.26983383792230575
12.65593695640564,553,549,0.4595862827192974,2.8859139763975676,1.991911590044224,0.9980296212238853,-0.27025366894055813
12.676365375518799,551,547,0.4578603419102626,2.8897668075253877,1.9919582379351408,1.0006603142266126,-0.27030031683147504
12.698720455169678,558,548,0.456124909703538,2.893636471167738,1.9923780689533932,1.003312551428112,-0.2707201478497274
12.719563484191895,561,545,0.45438336970964693,2.8975139392763962,1.9929378436443965,1.0059798794529284,-0.27127992254073074
12.748090267181396,556,555,0.45263667393394563,2.901403857494315,1.9928445478625627,1.008666879051561,-0.27118662675889693
12.769331693649292,560,548,0.45088403676327987,2.905301653791599,1.9933576746626491,1.011369121026421,-0.27169975355898335
12.791499376296997,562,554,0.44912958154360433,2.9091986320965524,1.9938241535718184,1.0140806346754558,-0.27216623246815264
12.812808275222778,564,556,0.4473643677701883,2.9131160894691104,1.994150688808237,1.0168165372365758,-0.2724927677045712
12.833443880081177,560,559,0.4455934370992219,2.917045744666398,1.9941973366991539,1.019571679185258,-0.2725394155954881
12.85463261604309,569,553,0.4438240221152065,2.9209676401126226,1.9946171677174063,1.022331236312934,-0.2729592466137405
12.874922752380371,564,564,0.44204089561324006,2.924915013871732,1.9950836466265756,1.025118498652669,-0.2734257255229098
12.896382808685303,569,560,0.4402486854114873,2.928881510140964,1.9951769424084094,1.0279298443416753,-0.2735190213047436
12.917908191680908,563,558,0.4384623160672679,2.932831641492868,1.995503477644828,1.030739576217655,-0.27384555654116216
12.939786672592163,572,565,0.4366679939679883,2.9367929583894097,1.9961099002267482,1.0335666325128774,-0.2744519791230824
12.961949348449707,570,568,0.4348627425328086,2.9407788986326775,1.9960632523358313,1.0364219898070812,-0.2744053312321655
12.982543468475342,570,561,0.43305666412329735,2.944760238697104,1.9966696749177515,1.0392833987727346,-0.2750117538140857
13.004421710968018,572,570,0.431252228628275,2.948735985087161,1.9968562664814193,1.0421508787580422,-0.27519834537775356
13.024892568588257,581,569,0.4294346071411897,2.9527353301617945,1.9973693932815058,1.045044827339484,-0.27571147217784
13.046357154846191,567,568,0.42761267977880313,2.956741172633825,1.9976492806270074,1.0479533745927612,-0.27599135952334164
13.067505359649658,576,568,0.4257932441240427,2.96073757854735,1.998022463754343,1.0508646828087345,-0.2763645426506771
13.087974786758423,575,578,0.42396288114622344,2.964756494906796,1.9981624074270936,1.0538024573204665,-0.27650448632342783
13.110427141189575,580,571,0.4221189455678041,2.9687967153733483,1.9989554215726817,1.0567646284416712,-0.2772975004690159
13.13849925994873,577,578,0.4202770303485025,2.9728315124281455,1.9990487173545155,1.059732954008598,-0.2773907962508497
13.161677837371826,583,580,0.41842519047289967,2.976885046331964,1.9993286047000172,1.0627248156363365,-0.2776706835963514
13.183314323425293,587,571,0.41656863706166447,2.980944888606202,1.9997017878273526,1.065730877785779,-0.27804386672368686
13.20435380935669,580,583,0.4147187198701827,2.9849887226477,1.9998417315001034,1.0687349532760264,-0.2781838103964376
13.22561502456665,584,583,0.41285462440686904,2.9890620428008776,1.999981675172854,1.0717708082438064,-0.2783237540691883
13.247429847717285,588,580,0.41098080437371004,2.9931520737064523,2.0004015061911065,1.0748284807684843,-0.2787435850874407
13.268688201904297,593,583,0.4091062602561247,2.997239655976792,2.000774689318442,1.0778937162974198,-0.2791167682147764
13.289496660232544,588,591,0.40722128863595963,3.0013499761887297,2.000774689318442,1.080986102006636,-0.2791167682147764
13.312143087387085,598,577,0.4053309615185588,3.0054684247239845,2.0011012245548607,1.0840940648682154,-0.27944330345119495
13.332942008972168,590,589,0.4034445294610164,3.009573839965449,2.001521055573113,1.0872013735709694,-0.2798631344694473
13.354265451431274,593,588,0.4015478789092043,3.0136999715023314,2.001660999245864,1.0903340457310817,-0.28000307814219827
13.374700546264648,596,587,0.39964222529979204,3.017843142286512,2.001894238700449,1.093489172576597,-0.280236317596783
13.39538311958313,603,592,0.3977320625118741,3.021988473856264,2.002593957064203,1.0966545646852544,-0.2809360359605373
13.41764497756958,595,595,0.39581082009034474,3.0261583615962944,2.002547309173286,1.0998487115847262,-0.28088938806962016
13.441528558731079,599,590,0.3938856040701906,3.0303327741123947,2.0029204923006216,1.1030555264826343,-0.28126257119695586
13.46305537223816,606,599,0.39195680069243977,3.0345118889862035,2.003200379646123,1.106275274089978,-0.2815424585424573
13.483862161636353,608,601,0.3900143555811339,3.038714376889316,2.0037601543371264,1.1095218584218731,-0.2821022332334606
13.504958868026733,604,596,0.3880699034103904,3.0429201767414495,2.00385345011896,1.1127806365080972,-0.28219552901529443
13.526140451431274,613,605,0.3861222655445551,3.047128743250311,2.004226633246296,1.116050630074745,-0.28256871214263013
13.554961919784546,609,600,0.384159721274974,3.0513643354250486,2.0046931121554654,1.1193505515493436,-0.28303519105179964
13.575913190841675,605,603,0.3821984001028433,3.055596252803246,2.0047864079372992,1.1226571453357552,-0.28312848683363345
13.596143007278442,614,609,0.38023549978715976,3.059827437954811,2.005159591064635,1.125972128225317,-0.28350166996096915
13.617911577224731,615,608,0.3782612625884649,3.0640830606443803,2.005159591064635,1.1293158737595659,-0.28350166996096915
13.64552640914917,611,608,0.3762906959674574,3.068327658732977,2.0054394784101364,1.1326599994197544,-0.2837815573064706
13.667284727096558,620,609,0.374314870779687,3.0725825443742205,2.00553277419197,1.1360215389608994,-0.2838748530883044
13.687849521636963,617,606,0.3723257035942629,3.0768609358820225,2.0059992531011397,1.139410332051482,-0.2843413319974739
13.709384679794312,616,612,0.3703391985315739,3.0811299546641564,2.0063257883375583,1.1428005516454431,-0.2846678672338925
13.729835510253906,617,617,0.3683472104943028,3.085411278523163,2.006279140446641,1.1462099768472709,-0.28462121934297535
13.750420093536377,625,609,0.3663379963317849,3.0897227880956684,2.006885563028561,1.149651809223725,-0.28522764192489536
13.772447347640991,618,616,0.3643304170559196,3.094028690731248,2.0070721545922288,1.1530981870314727,-0.285414233488563
13.793509721755981,624,619,0.3623202064861433,3.0983376125965925,2.0073053940468135,1.1565558539355305,-0.28564747294314774
13.81479263305664,630,617,0.36029881398343155,3.102668920981515,2.0074453377195645,1.1600405099204105,-0.2857874166158987
13.835654258728027,627,623,0.35826807003110844,3.1070149756864267,2.007911816628734,1.1635455153958676,-0.2862538955250682
13.856999158859253,626,624,0.3562324372795711,3.1113736134210255,2.0077252250650663,1.167070202677907,-0.28606730396140057
13.877829790115356,631,622,0.35419293973491883,3.1157325686040345,2.0084249434288206,1.1706031792207898,-0.28676702232515483
13.898205518722534,639,628,0.3521410016873044,3.1201133202098505,2.008844774447073,1.1741623121105842,-0.2871868533434072
13.919921875,628,628,0.35008314903338417,3.124508300181399,2.008704830774322,1.1777423862687417,-0.28704690967065627
13.949732065200806,639,631,0.348018131854577,3.1289084222626506,2.009591140701744,1.181334349773635,-0.28793321959807816
13.97460389137268,641,634,0.34593839057883263,3.1333377692152804,2.0097777322654116,1.1849590158339405,-0.2881198111617458
13.995060443878174,634,629,0.3438594519297464,3.137761115310625,2.0101509153927473,1.188587261497574,-0.2884929942890815
14.016343355178833,648,637,0.3417741469506599,3.1421920993376853,2.0106640421928335,1.1922299943019719,-0.2890061210891677
14.038321733474731,644,636,0.33967612382935347,3.1466468710939033,2.010943929538335,1.1959008805453621,-0.2892860084346691
14.060425996780396,642,637,0.3375758151215748,3.151100565711809,2.011457056338421,1.1995790692309707,-0.2897991352347553
14.08129596710205,647,643,0.33546729887683724,3.1555716643727703,2.011457056338421,1.2032805907671642,-0.2897991352347553
14.101807594299316,647,639,0.3333494971730505,3.1600554028099213,2.012063478920341,1.2070005902459262,-0.2904055578166753
14.124148845672607,651,646,0.33122757034395806,3.1645457050166454,2.0122500704840087,1.2107346540132884,-0.29059214938034295
14.146081447601318,652,649,0.32909721190646873,3.169053305380437,2.012296718374926,1.2144919125731288,-0.2906387972712601
14.175607204437256,651,649,0.32696084650097357,3.1735687078024113,2.0127165493931782,1.2182638905744743,-0.29105862828951246
14.198512315750122,655,645,0.32481872047997823,3.1780962858087283,2.0127165493931782,1.2220548513919376,-0.29105862828951246
14.23096513748169,660,654,0.32266560923036014,3.1826399526472233,2.0133229719750982,1.225867184069068,-0.29166505087143246
